{"noiseKey":{"private":{"type":"Buffer","data":"UDFxuJLdzWBrArnrE7YXa0PR9aMDhCQ57N+dr4JWJWQ="},"public":{"type":"Buffer","data":"JCSPXcEoHz1bDqueg7z6mfmRsUgqOgNJSYcGLk5mCx8="}},"pairingEphemeralKeyPair":{"private":{"type":"Buffer","data":"IN/NybSGIS9FiSmX72FBro4x9jPL+oCGSa2BbTMs118="},"public":{"type":"Buffer","data":"hJQVrUm05Mnv9oBR8seN3NdfKw0tU3z0xjVgVGt0PEQ="}},"signedIdentityKey":{"private":{"type":"Buffer","data":"oI20m8oVJnR8kAc3EeXzXWd6uJ0GwcvfIWTOYKg9rWY="},"public":{"type":"Buffer","data":"5eCnJUPzwr2H9CTm6a/F/VqCo7Xk58KRXBM5YkWRvSQ="}},"signedPreKey":{"keyPair":{"private":{"type":"Buffer","data":"ADdWea4HjB0F4KzFbSWg5CihOpBbAFy3agQcSS4sOEQ="},"public":{"type":"Buffer","data":"/XxO0LWH/yV6IM2jmf1e9DLd4HTBDEtdwULrZloxMXE="}},"signature":{"type":"Buffer","data":"+6atSb8MjdHPx0fKGvIjLr+e1dLZlYnBBa2x5jNxxKoC4K1of3WUajHTHWL9qYBZqZzRYpHMB9CEAqE/RJplgg=="},"keyId":1},"registrationId":130,"advSecretKey":"bmER618MIeIdUGYQXvxM1FqgBug9reCfp9ABoBnl/oA=","processedHistoryMessages":[{"key":{"remoteJid":"62887436425932@s.whatsapp.net","fromMe":true,"id":"49AFFD60E954D82EE651458EF1CBE961"},"messageTimestamp":1695967319},{"key":{"remoteJid":"62887436425932@s.whatsapp.net","fromMe":true,"id":"9682248D93CB7066746E0200E59742B8"},"messageTimestamp":1695967320},{"key":{"remoteJid":"62887436425932@s.whatsapp.net","fromMe":true,"id":"D2CE353DE6DF58CE092133EA6D7FE502"},"messageTimestamp":1695967323},{"key":{"remoteJid":"62887436425932@s.whatsapp.net","fromMe":true,"id":"C59773D43DAAEDD1B8F6EE9E92297EAC"},"messageTimestamp":1695967323}],"nextPreKeyId":145,"firstUnuploadedPreKeyId":145,"accountSyncCounter":1,"accountSettings":{"unarchiveChats":false},"deviceId":"-pvp2FGSQQCmzuagxgdxEA","phoneId":"ab361f57-3f16-44e5-ac4b-d514fb961f4c","identityId":{"type":"Buffer","data":"ZRpNPi6vb/6+x0Iz3BePk0z2nAA="},"registered":false,"backupToken":{"type":"Buffer","data":"oadss8xZ2IZCrblZdZFyKrJ9Uqk="},"registration":{},"account":{"details":"CP3Wzq8GENHQ2agGGAE=","accountSignatureKey":"2WNVMBpZqaaxLj2nhIxXj8jj7r+y8xNMIpmI2FOXNxY=","accountSignature":"hVeQ2lhGa4YaRI5cYNSnh94hlSxwymXc+gngS4EDdipGQBbvapShYkNdDf1mDMG1wwDlnbP6wxbtOyhT5Wq7AQ==","deviceSignature":"z9vvU8CO+ff1tozD7mh0DiQ0AE294GH9IHlA9Nvhp9aD8UIsWyLOurJJivyThDVo/CdPZyRSkHkvjn9IXcwngQ=="},"me":{"id":"62887436425932:1@s.whatsapp.net","name":"inumaki"},"signalIdentities":[{"identifier":{"name":"62887436425932:1@s.whatsapp.net","deviceId":0},"identifierKey":{"type":"Buffer","data":"BdljVTAaWammsS49p4SMV4/I4+6/svMTTCKZiNhTlzcW"}}],"platform":"smba","lastAccountSyncTimestamp":1696384371,"myAppStateKeyId":"AAAAAJEP"}