[{"senderKeyId":1089308539,"senderChainKey":{"iteration":5,"seed":"alk7zY012kmB3aWtMyBEM7KlcCNV115ETXWAlDERWFg="},"senderSigningKey":{"public":"BUn5KbEkh+6/tyoPDQ/xDOsEtqwKhbYWcbs9CNCZDtN6"},"senderMessageKeys":[]},{"senderKeyId":1089308539,"senderChainKey":{"iteration":5,"seed":"alk7zY012kmB3aWtMyBEM7KlcCNV115ETXWAlDERWFg="},"senderSigningKey":{"public":"BUn5KbEkh+6/tyoPDQ/xDOsEtqwKhbYWcbs9CNCZDtN6"},"senderMessageKeys":[]},{"senderKeyId":1089308539,"senderChainKey":{"iteration":5,"seed":"alk7zY012kmB3aWtMyBEM7KlcCNV115ETXWAlDERWFg="},"senderSigningKey":{"public":"BUn5KbEkh+6/tyoPDQ/xDOsEtqwKhbYWcbs9CNCZDtN6"},"senderMessageKeys":[]},{"senderKeyId":1089308539,"senderChainKey":{"iteration":5,"seed":"alk7zY012kmB3aWtMyBEM7KlcCNV115ETXWAlDERWFg="},"senderSigningKey":{"public":"BUn5KbEkh+6/tyoPDQ/xDOsEtqwKhbYWcbs9CNCZDtN6"},"senderMessageKeys":[]},{"senderKeyId":1089308539,"senderChainKey":{"iteration":5,"seed":"alk7zY012kmB3aWtMyBEM7KlcCNV115ETXWAlDERWFg="},"senderSigningKey":{"public":"BUn5KbEkh+6/tyoPDQ/xDOsEtqwKhbYWcbs9CNCZDtN6"}}]