[{"senderKeyId":1900183861,"senderChainKey":{"iteration":9,"seed":"Y2Zo8KvwFSIm4n7eZXawDQpj6c1d57KiSz7+2eld1nQ="},"senderSigningKey":{"public":"BVO5lxcR6SLrbjaJdQ/rIu3iIAMDsXd6PvBVaTSSB9gJ"},"senderMessageKeys":[]},{"senderKeyId":1900183861,"senderChainKey":{"iteration":9,"seed":"Y2Zo8KvwFSIm4n7eZXawDQpj6c1d57KiSz7+2eld1nQ="},"senderSigningKey":{"public":"BVO5lxcR6SLrbjaJdQ/rIu3iIAMDsXd6PvBVaTSSB9gJ"},"senderMessageKeys":[]},{"senderKeyId":1900183861,"senderChainKey":{"iteration":9,"seed":"Y2Zo8KvwFSIm4n7eZXawDQpj6c1d57KiSz7+2eld1nQ="},"senderSigningKey":{"public":"BVO5lxcR6SLrbjaJdQ/rIu3iIAMDsXd6PvBVaTSSB9gJ"},"senderMessageKeys":[]},{"senderKeyId":1900183861,"senderChainKey":{"iteration":9,"seed":"Y2Zo8KvwFSIm4n7eZXawDQpj6c1d57KiSz7+2eld1nQ="},"senderSigningKey":{"public":"BVO5lxcR6SLrbjaJdQ/rIu3iIAMDsXd6PvBVaTSSB9gJ"},"senderMessageKeys":[]},{"senderKeyId":738227975,"senderChainKey":{"iteration":25,"seed":"HWd7/dpRqblG9pqBmUkkMJbXt4IOOsNe1f2iYwJOUXg="},"senderSigningKey":{"public":"BY+SBSgM4hrjTtZdBCIFrb8mQPd+A/6UShwDXViv6e9z"},"senderMessageKeys":[]}]