[{"senderKeyId":450770647,"senderChainKey":{"iteration":9,"seed":"niUWuYOynqtwnXsgnlnV5PwOX/S4+tunrsgecNwcnmE="},"senderSigningKey":{"public":"BbsQBS9rPmGIuI8YtaDm2A+QnG6E9ERDrySIXU6fAMxl"},"senderMessageKeys":[]},{"senderKeyId":450770647,"senderChainKey":{"iteration":8,"seed":"JdavqG3FQ1nOQqdKs8quwwdtRqUeUs7LqYbIMLkKk/w="},"senderSigningKey":{"public":"BbsQBS9rPmGIuI8YtaDm2A+QnG6E9ERDrySIXU6fAMxl"},"senderMessageKeys":[]},{"senderKeyId":211600178,"senderChainKey":{"iteration":6,"seed":"Sykah1s6KKsSMFGIYRg95IONB26iI6RPDMU7/+wQa5E="},"senderSigningKey":{"public":"BfUR1d4/I10B+8Ldz5j/2eGz5aYX+Y32TNtj7Q6vCklX"},"senderMessageKeys":[]}]