{"_sessions":{"BfvmR/guHEzNaybqrfSAiHPvmwxQYEpp3lal78tCf104":{"registrationId":237,"currentRatchet":{"ephemeralKeyPair":{"pubKey":"BYbemcjq1fLNcXtSkAL/s59+HDKxWkJMDYBckOWmXX1J","privKey":"yMJ/kh4UjyolSZ/J6SX4h+oggUy4J5Jys07xlkCLQGU="},"lastRemoteEphemeralKey":"BUGTuMbkP1HJbfmMhWOaAS5DmSOPBJXZq6NAdV+wZTEp","previousCounter":0,"rootKey":"2sArprzphBEym2KMa1gdDXtvMAe55b65K5UeyAw1hXY="},"indexInfo":{"baseKey":"BfvmR/guHEzNaybqrfSAiHPvmwxQYEpp3lal78tCf104","baseKeyType":2,"closed":-1,"used":1696385262364,"created":1696385262364,"remoteIdentityKey":"BWDSo87HcZSXMPx0a/rMUsP28MOkklELaONbkJCmwXJL"},"_chains":{"BUGTuMbkP1HJbfmMhWOaAS5DmSOPBJXZq6NAdV+wZTEp":{"chainKey":{"counter":0,"key":"X17kB+o8Ox2fOXH04fPOkbqFXMCoco7jArD/+m5yx5c="},"chainType":2,"messageKeys":{}},"BYbemcjq1fLNcXtSkAL/s59+HDKxWkJMDYBckOWmXX1J":{"chainKey":{"counter":-1,"key":"8mJypLAZ/GVcnJa/d7mU9Wm96OE9hRpWo8DZwAOJWXg="},"chainType":1,"messageKeys":{}}}}},"version":"v1"}