{"_sessions":{"Baw/ALbtRDzLUgG3H2AG4iBgCGIKGncoSDgSijUIxZpL":{"registrationId":1072811291,"currentRatchet":{"ephemeralKeyPair":{"pubKey":"BT5osMbkXNIaaXkGy+uQWH08VizLB3p/PXLkedvneMJc","privKey":"wPjTpCMWdGSmVyQ7thCi3RH3v24uyOOGpgzyiWhZJF8="},"lastRemoteEphemeralKey":"BZTsOc6EB6OzZcy2eSmYl4HBPG4tZ/6rFB12OfTEn/1v","previousCounter":0,"rootKey":"Ag54pjVD9VlWuwVkyjtS9Mh8BzDf6peceyOpAqCMvBU="},"indexInfo":{"baseKey":"Baw/ALbtRDzLUgG3H2AG4iBgCGIKGncoSDgSijUIxZpL","baseKeyType":2,"closed":-1,"used":1696385269682,"created":1696385269682,"remoteIdentityKey":"BZWT8T0Hp62EwVRJYXqTCd4Xm0UWw/16gWlfdea0ypFo"},"_chains":{"BZTsOc6EB6OzZcy2eSmYl4HBPG4tZ/6rFB12OfTEn/1v":{"chainKey":{"counter":1,"key":"BN4JuCPdKnhXtyQCYbzzJEp4blWxpiIf9+MVG/soiZw="},"chainType":2,"messageKeys":{}},"BT5osMbkXNIaaXkGy+uQWH08VizLB3p/PXLkedvneMJc":{"chainKey":{"counter":-1,"key":"1o4jSBN9H/wG1djbw3/2MnqqPdPXha7dj6EkL2pO3j0="},"chainType":1,"messageKeys":{}}}}},"version":"v1"}