{"_sessions":{"BVP36peQsqNm6VdF/KvLoyoqfrYadr9v8S1SCgiNtaoG":{"registrationId":616641497,"currentRatchet":{"ephemeralKeyPair":{"pubKey":"BZWnn+HfKOjdknFDxSRYLq2Ub9z8zi/sUxCQz/eZIHIj","privKey":"eD+T41jGK6ALoKdJcp7bAS0GYyy6HS4dimEQcGo+iEA="},"lastRemoteEphemeralKey":"BTXKLSQFBfEFysZzaVIMyEFOejzSWfB1US67XWkok/FX","previousCounter":0,"rootKey":"TJREAURz19dNz8SnlnBLJxy1FMRguQr34ZCOaRPT2/o="},"indexInfo":{"baseKey":"BVP36peQsqNm6VdF/KvLoyoqfrYadr9v8S1SCgiNtaoG","baseKeyType":2,"closed":1696385273569,"used":1696385273095,"created":1696385273095,"remoteIdentityKey":"BcKZxl74+GMVE4unjCEf2e5Aeqt5wjf2KuPZ4Ue2lPA3"},"_chains":{"BTXKLSQFBfEFysZzaVIMyEFOejzSWfB1US67XWkok/FX":{"chainKey":{"counter":0,"key":"O2fDsX4EiPl4+aA3660SwA9a640NZTDWEzCW8rXoXvk="},"chainType":2,"messageKeys":{}},"BZWnn+HfKOjdknFDxSRYLq2Ub9z8zi/sUxCQz/eZIHIj":{"chainKey":{"counter":-1,"key":"zRpmf007dYhaVBAMmAGmxyazyZtl18K4I/LrQXyDZ4o="},"chainType":1,"messageKeys":{}}}},"BT1AogntmwCL18lTahSPIe2kVZ0wzeDcQeDBqh9bHJ4t":{"registrationId":616641497,"currentRatchet":{"ephemeralKeyPair":{"pubKey":"BdLm6iTXRJt5UffGBipiblyepX6hEfrSAegOW9TdbzEO","privKey":"KOXVHkVQy+bavrIBWsEAYW6XtA/crfojEr3oJt2baGg="},"lastRemoteEphemeralKey":"BSfSU3ii5njYpm70MHSW/zxKxaMNCpvkhRAMnuPQV18+","previousCounter":0,"rootKey":"FfaZrU5FlZgB967eMYyzGqCAIEwlf1kCnDXCGHGChk0="},"indexInfo":{"baseKey":"BT1AogntmwCL18lTahSPIe2kVZ0wzeDcQeDBqh9bHJ4t","baseKeyType":2,"closed":-1,"used":1696385273576,"created":1696385273576,"remoteIdentityKey":"BcKZxl74+GMVE4unjCEf2e5Aeqt5wjf2KuPZ4Ue2lPA3"},"_chains":{"BSfSU3ii5njYpm70MHSW/zxKxaMNCpvkhRAMnuPQV18+":{"chainKey":{"counter":4,"key":"Db7MDMuVYRlpXKOL1Ex9C4ASfJhixVeeoimvIyORKsI="},"chainType":2,"messageKeys":{}},"BdLm6iTXRJt5UffGBipiblyepX6hEfrSAegOW9TdbzEO":{"chainKey":{"counter":-1,"key":"TExtuC6lxDhxYRpXd0d9Qaa7pFgFz1sWvDFP8rmaJpI="},"chainType":1,"messageKeys":{}}}}},"version":"v1"}