{"_sessions":{"BRijbTfAg60ysCNfXlK5si7UIsdZF/+bEnbJfvxeUoxn":{"registrationId":2081657623,"currentRatchet":{"ephemeralKeyPair":{"pubKey":"BUFREh4v/MSlkiD85if+UqWzLtACv3bksKmGds1S6ygC","privKey":"4N9LIVkb7TgTDXVF/gKwbJpadCIoRYmwUovrcRvBMX0="},"lastRemoteEphemeralKey":"BZL7KsvvGa4N5wbCE3Fm+zDyed2067i6nC5Ojpzo/GND","previousCounter":0,"rootKey":"w9u3TYIgsaJsFXuffAPNJElSKEOIXlyhHG8p5BDfO6Q="},"indexInfo":{"baseKey":"BRijbTfAg60ysCNfXlK5si7UIsdZF/+bEnbJfvxeUoxn","baseKeyType":2,"closed":-1,"used":1696385270118,"created":1696385270118,"remoteIdentityKey":"BWZtOEhVydqfCv32pPIEHvzg4PmwbZtWwi9v8yh3mqEN"},"_chains":{"BZL7KsvvGa4N5wbCE3Fm+zDyed2067i6nC5Ojpzo/GND":{"chainKey":{"counter":1,"key":"Guy1O7RL3ZImmpaQt4D2ftoSpWW90+rab/USopctRqI="},"chainType":2,"messageKeys":{}},"BUFREh4v/MSlkiD85if+UqWzLtACv3bksKmGds1S6ygC":{"chainKey":{"counter":-1,"key":"OJ87NcmORjHU2MAa4lOFIHgM+MoQnK+szVSpiSY1gFQ="},"chainType":1,"messageKeys":{}}}}},"version":"v1"}