{"_sessions":{"BZSWvzyHdWfLDSAnBuIR2ybDhviYM3MAasBl/XMJUDMb":{"registrationId":214823119,"currentRatchet":{"ephemeralKeyPair":{"pubKey":"BRjVPtZbS/rLt8/BaRXoFxcnCD2tgKbI/bsH0iRStYkz","privKey":"+Pjp+PE0LzC6w0Let5FRLN3SnKuAlPTPI+UTxXZPmlE="},"lastRemoteEphemeralKey":"BZDxEpT0sCTrZVY0lGcZLleSFFQPmcykE6GzWA4IGjJ4","previousCounter":0,"rootKey":"HWRx8z5IaPCCPUYPGq/2vc778hU7Q1vWm8h/Rf84Rug="},"indexInfo":{"baseKey":"BZSWvzyHdWfLDSAnBuIR2ybDhviYM3MAasBl/XMJUDMb","baseKeyType":2,"closed":-1,"used":1696385681515,"created":1696385681515,"remoteIdentityKey":"BdjZqgZVOvtXY+FVmBrl2+q+IJnfFt69pmeWWJ7c9PUC"},"_chains":{"BZDxEpT0sCTrZVY0lGcZLleSFFQPmcykE6GzWA4IGjJ4":{"chainKey":{"counter":0,"key":"+IvLHFDCLfsPQeWW2GR96nqEjPphs89KIT1s3sN15wo="},"chainType":2,"messageKeys":{}},"BRjVPtZbS/rLt8/BaRXoFxcnCD2tgKbI/bsH0iRStYkz":{"chainKey":{"counter":-1,"key":"4mWk6UlZJwRo81gIEwEXFhFBjx/7HRvxw1+nwumiMsY="},"chainType":1,"messageKeys":{}}}}},"version":"v1"}