{"_sessions":{"BUojjdJZuV6Em5CDPWwim9aWUXFL4oyYOXF1xl+nnwcy":{"registrationId":1052375825,"currentRatchet":{"ephemeralKeyPair":{"pubKey":"BVeg7ZBMhIL1/ujkPB22wKpEJ8VIfh+A9HUyXlzh50sG","privKey":"QKU3qhZmMqMYPYKXau+QBEPhN1hgbSmmfRKhAxle038="},"lastRemoteEphemeralKey":"BYTbyLEXk5QWJ4Xz1QiiwLjrShSh0m/8rV9a9ScPXjRv","previousCounter":0,"rootKey":"/4M8RPhimLi9sVFnICZ9RC4531uS2qvvU2A6eqsSTyQ="},"indexInfo":{"baseKey":"BUojjdJZuV6Em5CDPWwim9aWUXFL4oyYOXF1xl+nnwcy","baseKeyType":2,"closed":-1,"used":1696385271123,"created":1696385271123,"remoteIdentityKey":"BQp4mRORMYuIRwuNzA16plMLi8nAtm97Bk+fI0eoypUr"},"_chains":{"BYTbyLEXk5QWJ4Xz1QiiwLjrShSh0m/8rV9a9ScPXjRv":{"chainKey":{"counter":0,"key":"TVWsOKX2Ri+6Ms0rGQuQpSi8U/OPsdEa99Y4SlsbJPA="},"chainType":2,"messageKeys":{}},"BVeg7ZBMhIL1/ujkPB22wKpEJ8VIfh+A9HUyXlzh50sG":{"chainKey":{"counter":-1,"key":"tYmiaFVMG3TyNQLP7NlB2vhJR9WfZxzHRYJk/qwKZXc="},"chainType":1,"messageKeys":{}}}}},"version":"v1"}