{"_sessions":{"BSvNP6A9NbGKX2XKGZnzGMnF+V3M0T2HE2VLG/WLqpY2":{"registrationId":62,"currentRatchet":{"ephemeralKeyPair":{"pubKey":"BfWq3emzuFtg66Webqp+jZ7UTnSX7uCExxOvZI+en9o2","privKey":"ODnEsIf/ZHGem3PsDpNHVvpfpgZEnTfMmg7Vdgc8DWU="},"lastRemoteEphemeralKey":"BdxLr5dD0LGK1hGkMMwRUlsn/QRQYhVmpSRpL+BDyRk1","previousCounter":0,"rootKey":"SJIEsnvJyK3AzsXjsim4GCJxL2rx3d0SCAsymPkJQSY="},"indexInfo":{"baseKey":"BSvNP6A9NbGKX2XKGZnzGMnF+V3M0T2HE2VLG/WLqpY2","baseKeyType":2,"closed":-1,"used":1696385497555,"created":1696385497555,"remoteIdentityKey":"BfEnT8SAtEPzk1d2Z83bfmiLB3QiRHO9/eZ6VSgaglAH"},"_chains":{"BdxLr5dD0LGK1hGkMMwRUlsn/QRQYhVmpSRpL+BDyRk1":{"chainKey":{"counter":3,"key":"xM6WVr8FcMnZzWX5bCNwXkj+N8sLiQo+rabPrsAzV+A="},"chainType":2,"messageKeys":{"0":"kTikXSXYPWV756f/VSxW55sAHgIUeFg0glE3HZvtOEw=","1":"DP4ZmOlmQCjXbKUv3knr3BLObBPEteHki2AfbVD5e3o=","2":"oALB3a/fUIIxBDF1/NS1RTehz19tTjvJGeN/8OsxOwk="}},"BfWq3emzuFtg66Webqp+jZ7UTnSX7uCExxOvZI+en9o2":{"chainKey":{"counter":-1,"key":"xaDZnX3iiKOzHfn3Cq/B7nZMpm24SenPbE4q+yq2EuI="},"chainType":1,"messageKeys":{}}}}},"version":"v1"}