{"_sessions":{"BUFZrky2XW3lgssTQ6JwAp4DKI3GMbzPg6F3NpQT/zlN":{"registrationId":122,"currentRatchet":{"ephemeralKeyPair":{"pubKey":"BZ7lo2VeUzfbX6X7dkXKOmYFxPzGmkZMPslMDhyYvxdi","privKey":"QNLutyT5qE1PPz5Zx7CA2CbM/Ymc27S/Ez1Rey6k+mQ="},"lastRemoteEphemeralKey":"BWCG5SUfH0BFPzQDgUH07YTx3nMtCpypxbRtLgc09sVc","previousCounter":0,"rootKey":"oK3fZP93ctJq5rib8udnKT0/GRnzGHI65UvF8o0jgUo="},"indexInfo":{"baseKey":"BUFZrky2XW3lgssTQ6JwAp4DKI3GMbzPg6F3NpQT/zlN","baseKeyType":2,"closed":-1,"used":1696385679063,"created":1696385679063,"remoteIdentityKey":"BcT4KnOSrDgKVONYp7vy4SQYrdjqRUy+1NDpP2lpw6QW"},"_chains":{"BWCG5SUfH0BFPzQDgUH07YTx3nMtCpypxbRtLgc09sVc":{"chainKey":{"counter":0,"key":"S2tRI8kATmSkEi/FkuZpkIQievZoqfeQSXCMrXnU1Fo="},"chainType":2,"messageKeys":{}},"BZ7lo2VeUzfbX6X7dkXKOmYFxPzGmkZMPslMDhyYvxdi":{"chainKey":{"counter":-1,"key":"PAxxEZ5F62c5KNNDjVBI6UfrQpqMykmlwRuG2IOf+Rc="},"chainType":1,"messageKeys":{}}}}},"version":"v1"}