{"_sessions":{"BTd9/CS+JlGXZQGWpFJ53u0G531UxJv+2YFD9UdmYvYh":{"registrationId":1303048741,"currentRatchet":{"ephemeralKeyPair":{"pubKey":"Bd6NrQoF/IV3LTN+ZLIH87D9DnppRm6z09CiOVs8YBA2","privKey":"gP1FBZY9ycdiMFgMiZeOXdEKFP5g9QaawkRYPUxXTmM="},"lastRemoteEphemeralKey":"BeK9GGL5vDlc2Hueok3xK/zUhpN/PsNc9Anylklrnm9M","previousCounter":0,"rootKey":"mZlgZQagElhVrPgSE2G0h8QkncZIaJp1giu+mefwR+s="},"indexInfo":{"baseKey":"BTd9/CS+JlGXZQGWpFJ53u0G531UxJv+2YFD9UdmYvYh","baseKeyType":2,"closed":1696385271743,"used":1696385270199,"created":1696385270199,"remoteIdentityKey":"BWFkdmL73NfZLG4RUc8RiHtRADg9Q8n/vJOTtnxJsZB6"},"_chains":{"BeK9GGL5vDlc2Hueok3xK/zUhpN/PsNc9Anylklrnm9M":{"chainKey":{"counter":0,"key":"mSh3/P7V89kxF7vzZrhJi7R9dhigaLiTCxHW0Ycr1ZQ="},"chainType":2,"messageKeys":{}},"Bd6NrQoF/IV3LTN+ZLIH87D9DnppRm6z09CiOVs8YBA2":{"chainKey":{"counter":-1,"key":"hP8246aomrXq2Ng/JMWgl7oB3aIPFmkcl4wvzTmyiBI="},"chainType":1,"messageKeys":{}}}},"BSWozOS2AHMC9MIhqjn1EyG3o/BbmHuEETafAX2Oirtz":{"registrationId":1303048741,"currentRatchet":{"ephemeralKeyPair":{"pubKey":"BWEVMxB60NOIFTZJFDR4I/3Wso/Px19Kvo5UKHwGQ0k4","privKey":"yNFIx+Y/1sPZwIzd3ffFvtJm47Aof54l+sdLGm/oE0k="},"lastRemoteEphemeralKey":"Bc6lQExZrK2v/qJmYETgdDq9U4HEJU3lJ5x1mECMc3dX","previousCounter":0,"rootKey":"qgLbldFVskQHPCKm47LshUfy8YYpHUuIL4JmbOqdiFg="},"indexInfo":{"baseKey":"BSWozOS2AHMC9MIhqjn1EyG3o/BbmHuEETafAX2Oirtz","baseKeyType":2,"closed":1696385272272,"used":1696385271748,"created":1696385271748,"remoteIdentityKey":"BWFkdmL73NfZLG4RUc8RiHtRADg9Q8n/vJOTtnxJsZB6"},"_chains":{"Bc6lQExZrK2v/qJmYETgdDq9U4HEJU3lJ5x1mECMc3dX":{"chainKey":{"counter":0,"key":"uQ1U4CxYMxJtmtCvWMTnGzXDv9tBnF7JrVDQgzOFEOg="},"chainType":2,"messageKeys":{}},"BWEVMxB60NOIFTZJFDR4I/3Wso/Px19Kvo5UKHwGQ0k4":{"chainKey":{"counter":-1,"key":"0N5IenMBf36JUISQjXWZmQG7Zo9JDOUBnd1wMYIt7SI="},"chainType":1,"messageKeys":{}}}},"BTe3/UQRRjbAYA0zgWXN3BnNL5ChtrGLSPba50uXMFU6":{"registrationId":1303048741,"currentRatchet":{"ephemeralKeyPair":{"pubKey":"BWTlN7r5NF9D3N+399hiRRT+hzPzMFJi2KpIE9k+Kjtq","privKey":"CDQ3db5HaMHULL2Ga2/HovJmYSa2FY3tmxLt/V9yWXo="},"lastRemoteEphemeralKey":"BRMPpX14qSsi+qiHtoOzL+mgx4gum+dICwAvjYBbZ8Aj","previousCounter":0,"rootKey":"5SrPhklCPHnv/ru2f9Ge3fD2Vpkdvxup/peiCf8JiEg="},"indexInfo":{"baseKey":"BTe3/UQRRjbAYA0zgWXN3BnNL5ChtrGLSPba50uXMFU6","baseKeyType":2,"closed":-1,"used":1696385272277,"created":1696385272277,"remoteIdentityKey":"BWFkdmL73NfZLG4RUc8RiHtRADg9Q8n/vJOTtnxJsZB6"},"_chains":{"BRMPpX14qSsi+qiHtoOzL+mgx4gum+dICwAvjYBbZ8Aj":{"chainKey":{"counter":6,"key":"O+FSf78tu14/Inf5tlQuPfjUtrQN+lnUZm+WGYcZRuY="},"chainType":2,"messageKeys":{}},"BWTlN7r5NF9D3N+399hiRRT+hzPzMFJi2KpIE9k+Kjtq":{"chainKey":{"counter":-1,"key":"vMgMtou0Am7gS9XcZWQCL+FMWE2MM3tbXDDoQf3Gz/8="},"chainType":1,"messageKeys":{}}}}},"version":"v1"}