{"_sessions":{"Bbm7AzidiFTla2RvZ5QNX3qLjl26H0mSLsqdZycTTfVL":{"registrationId":244,"currentRatchet":{"ephemeralKeyPair":{"pubKey":"BdgW7CftabK1yBBPBmj8kPLNc8ydX5SddlVhLtEht0ww","privKey":"sBacQTvCW2GDNyzUNQd4NC6nVBZCqattqM9oHkQr30Q="},"lastRemoteEphemeralKey":"BeJKocgMW2dFq4FwspGuuc/udMHdhikUNhticaVmHLMl","previousCounter":0,"rootKey":"Kq56+8HklNABD9ty1szTtXG49tf5KE+6E+G4cn0opgs="},"indexInfo":{"baseKey":"Bbm7AzidiFTla2RvZ5QNX3qLjl26H0mSLsqdZycTTfVL","baseKeyType":2,"closed":-1,"used":1696385495409,"created":1696385495409,"remoteIdentityKey":"BXmUkxQ7WsPXkANIBSxEnHMNcti9NQUbqbPHViVMC3FL"},"_chains":{"BeJKocgMW2dFq4FwspGuuc/udMHdhikUNhticaVmHLMl":{"chainKey":{"counter":2,"key":"tiHBhY+cc2wXtRrOwpOYLdPDUxzvknPrsBDGyJfYZgw="},"chainType":2,"messageKeys":{"0":"rf/7rEs5ZHk0LNTlbbSTklGSN3Rc3rJfBiuSzzE/Q0Q=","1":"pC05sI/9CRZYFYcMgkrslOMWBxHPlMYrrqcR5KuO+HA="}},"BdgW7CftabK1yBBPBmj8kPLNc8ydX5SddlVhLtEht0ww":{"chainKey":{"counter":-1,"key":"eea4fFfDn5KCoh+kY+mRxjCxue5qnKW4D2cQwcDy6FY="},"chainType":1,"messageKeys":{}}}}},"version":"v1"}