{"_sessions":{"BXQ1A6T+xdfQPukgWG8tXrHu1dga9znd8n2sAzj/TVY6":{"registrationId":1284233690,"currentRatchet":{"ephemeralKeyPair":{"pubKey":"BU7l8x+qq8AmU2vkVU2h8COXbR67jF1vNrLg3RzHYHA/","privKey":"APLyoS6uG6ZQweEQ+Zzg3ZSOn42LIE8a8NK9bI+Bb0c="},"lastRemoteEphemeralKey":"BQcepyOnkV8ZL/X1U7dMO261djnzpz9Canhka9AnmRVH","previousCounter":0,"rootKey":"R1Zy4cQSRrv/5jw3iGxlowdm9BKxKoXVA5N8JdBYGmc="},"indexInfo":{"baseKey":"BXQ1A6T+xdfQPukgWG8tXrHu1dga9znd8n2sAzj/TVY6","baseKeyType":2,"closed":-1,"used":1696385436678,"created":1696385436678,"remoteIdentityKey":"BTaa+AGoE7k2U3S/2oXQinXTsV/5FMcr/1RpA9ydW7Jh"},"_chains":{"BQcepyOnkV8ZL/X1U7dMO261djnzpz9Canhka9AnmRVH":{"chainKey":{"counter":0,"key":"k3K80ysEE/801bcIgjWnfjpS1t4nRIPUGcc4Uxwwtgw="},"chainType":2,"messageKeys":{}},"BU7l8x+qq8AmU2vkVU2h8COXbR67jF1vNrLg3RzHYHA/":{"chainKey":{"counter":-1,"key":"LhznF71u4Q5z0IwcG46fBfYhMU3yWMix7ohqO5XOJME="},"chainType":1,"messageKeys":{}}}}},"version":"v1"}