{"_sessions":{"Bae3lJ5Hlsq3MN+rDvNQ/LK36PBEjODM+VmfHi9QNaFQ":{"registrationId":1354042757,"currentRatchet":{"ephemeralKeyPair":{"pubKey":"BVSvtqashsSoSVVtQPEeDXAvIcWsxGQHd7Ai0LL1Dh1a","privKey":"wNEY2FTjg1bIBp/lrHTgG4BII3/XuxIu9gzQ3iwbz38="},"lastRemoteEphemeralKey":"BX2kOCsSfm7RZ9svh1eJYxrQEF+BTSiUpVGE1iTbZyYy","previousCounter":0,"rootKey":"cJAKVxiKJIJoAgbGVzSt2/vSrvOUXBJl0zaqYdlv/zQ="},"indexInfo":{"baseKey":"Bae3lJ5Hlsq3MN+rDvNQ/LK36PBEjODM+VmfHi9QNaFQ","baseKeyType":2,"closed":-1,"used":1696385268774,"created":1696385268774,"remoteIdentityKey":"BfMt6Cbn/GvpmMo+c2LWQc0SIyfYppOZaZROb1ZuPBZJ"},"_chains":{"BX2kOCsSfm7RZ9svh1eJYxrQEF+BTSiUpVGE1iTbZyYy":{"chainKey":{"counter":0,"key":"ddeJH0C8Yu9hPSUQ3k9wNNlqkJmRkqroQlqX9SiZyKk="},"chainType":2,"messageKeys":{}},"BVSvtqashsSoSVVtQPEeDXAvIcWsxGQHd7Ai0LL1Dh1a":{"chainKey":{"counter":-1,"key":"eMVC/Y6BV1m2IYQq1sfzjB20JqUytMPGYSwga+S5u3w="},"chainType":1,"messageKeys":{}}}}},"version":"v1"}