{"_sessions":{"BZhXnxTcfXWOcsqr959iAdzrkGbbihcmELi/3biLbrZF":{"registrationId":200,"currentRatchet":{"ephemeralKeyPair":{"pubKey":"BeTJZ0t6L5N3VK9iaikQmxszGsuCdRApUkNT29cwkg1s","privKey":"EGqDIMgq359KaitgoPPkZIx+cNPw/hWy99MUyan6TlI="},"lastRemoteEphemeralKey":"Bd1UKCVVaxjHNH4UJ8hBg8AbtMbj7+f3+jiqbuC35C5v","previousCounter":0,"rootKey":"cNzAMokXFNcRndXIcYSFp53id5CZXlHYi2IKkX5AdF8="},"indexInfo":{"baseKey":"BZhXnxTcfXWOcsqr959iAdzrkGbbihcmELi/3biLbrZF","baseKeyType":2,"closed":-1,"used":1696385679101,"created":1696385679101,"remoteIdentityKey":"Bd372saPw5m96pUO7jCxvHXNZawjstP763VGojSe/ZRR"},"_chains":{"Bd1UKCVVaxjHNH4UJ8hBg8AbtMbj7+f3+jiqbuC35C5v":{"chainKey":{"counter":1,"key":"BJrUiHTWxiasnnYKUwKtga0Zig5qobMbSYGK7kIZESs="},"chainType":2,"messageKeys":{}},"BeTJZ0t6L5N3VK9iaikQmxszGsuCdRApUkNT29cwkg1s":{"chainKey":{"counter":-1,"key":"eHKq6d77aJi66jqgDd+kLeKl3h+lHNFV10CqAYlY728="},"chainType":1,"messageKeys":{}}}}},"version":"v1"}