{"_sessions":{"BTr7JskyZZZuvwsTiRORn/BokCp+RLN4+gNnY/7QcTJ6":{"registrationId":1610842334,"currentRatchet":{"ephemeralKeyPair":{"pubKey":"BQyU7eIss/XuAW88D7Era+1Ao+du11RHCHXJNnULCcFF","privKey":"sL7kTk8LFNlGbVAUiQkLNJk7b0NtWK1q5s6Cgenu/kE="},"lastRemoteEphemeralKey":"BY5td0uk2i9AFrdm88kyY0ak8e/dfN1WjDduo3IoqN0I","previousCounter":0,"rootKey":"O2EXQrmka+jU8eylPKJ2cc2X5MSqak/mYgY1gIYUB48="},"indexInfo":{"baseKey":"BTr7JskyZZZuvwsTiRORn/BokCp+RLN4+gNnY/7QcTJ6","baseKeyType":2,"closed":-1,"used":1696385496789,"created":1696385496789,"remoteIdentityKey":"Bcxhm2FM9DVQuNtLdUyUOJ9iUfs6upPguOHPEw6/D9x9"},"_chains":{"BY5td0uk2i9AFrdm88kyY0ak8e/dfN1WjDduo3IoqN0I":{"chainKey":{"counter":0,"key":"obUjmjyQu3hivFeebXoJoZD4WHZBMB3JsvHPVzJQc68="},"chainType":2,"messageKeys":{}},"BQyU7eIss/XuAW88D7Era+1Ao+du11RHCHXJNnULCcFF":{"chainKey":{"counter":-1,"key":"mHkDOmyhuLQLL/w2PiiK0eHeo+P+hFxqJBKR01TF5I0="},"chainType":1,"messageKeys":{}}}}},"version":"v1"}